id,entity_type,name,terminal,category,description,location_text,source_type,source_name,source_query
food_001,food,AJ 1881,T2,QSR,"Official CSMIA listing for AJ 1881 in Terminal 2. Category: QSR. Location: Level 4 , Post Security Hold Area.","Level 4 , Post Security Hold Area",official,csmia_adani_airports,https://csmia-mumbai.adaniairports.com/en/shop-and-dine/dining
food_002,food,All Good Deli,T2,QSR,"Official CSMIA listing for All Good Deli in Terminal 2. Category: QSR. Location: Level 3 ,Post Security Hold Area.","Level 3 ,Post Security Hold Area",official,csmia_adani_airports,https://csmia-mumbai.adaniairports.com/en/shop-and-dine/dining
food_003,food,Amreli,T2,QSR,"Official CSMIA listing for Amreli in Terminal 2. Category: QSR. Location: Level 3, Post Security Hold Area, Foodcourt.","Level 3, Post Security Hold Area, Foodcourt",official,csmia_adani_airports,https://csmia-mumbai.adaniairports.com/en/shop-and-dine/dining
food_004,food,Amul Ice Cream Lounge,T2,QSR,"Official CSMIA listing for Amul Ice Cream Lounge in Terminal 2. Category: QSR. Location: Level 4, Post Security Hold Area, Foodcourt.","Level 4, Post Security Hold Area, Foodcourt",official,csmia_adani_airports,https://csmia-mumbai.adaniairports.com/en/shop-and-dine/dining
food_005,food,Asia 7,T2,QSR,"Official CSMIA listing for Asia 7 in Terminal 2. Category: QSR. Location: Level 4, Post Security Hold Area, Foodcourt.","Level 4, Post Security Hold Area, Foodcourt",official,csmia_adani_airports,https://csmia-mumbai.adaniairports.com/en/shop-and-dine/dining
food_006,food,Baker Street,T2,QSR,"Official CSMIA listing for Baker Street in Terminal 2. Category: QSR. Location: P10,Level 4, Landside | P10, Level 4, Check in Area | Level 3 ,Post Security Hold Area | Level 4 , Post Security Hold Area.","P10,Level 4, Landside | P10, Level 4, Check in Area | Level 3 ,Post Security Hold Area | Level 4 , Post Security Hold Area",official,csmia_adani_airports,https://csmia-mumbai.adaniairports.com/en/shop-and-dine/dining
food_007,food,Balaji,T2,QSR,"Official CSMIA listing for Balaji in Terminal 2. Category: QSR. Location: Level 4 , Post Security Hold Area - Gate 68 | P10,Level 4, Landside | P6, Arrival Forecourt | Level 4 , Post Security Hold Area - Gate 65.","Level 4 , Post Security Hold Area - Gate 68 | P10,Level 4, Landside | P6, Arrival Forecourt | Level 4 , Post Security Hold Area - Gate 65",official,csmia_adani_airports,https://csmia-mumbai.adaniairports.com/en/shop-and-dine/dining
food_008,food,BAR FLY,T2,Quick Bites,"Official CSMIA listing for BAR FLY in Terminal 2. Category: Quick Bites. Location: Level 3 ,Post Security Hold Area - Gate 40.","Level 3 ,Post Security Hold Area - Gate 40",official,csmia_adani_airports,https://csmia-mumbai.adaniairports.com/en/shop-and-dine/dining
food_009,food,Baskin Robbins,T2,QSR,"Official CSMIA listing for Baskin Robbins in Terminal 2. Category: QSR. Location: P6, Arrival Forecourt | Level 3, Post Security Hold Area, Foodcourt.","P6, Arrival Forecourt | Level 3, Post Security Hold Area, Foodcourt",official,csmia_adani_airports,https://csmia-mumbai.adaniairports.com/en/shop-and-dine/dining
food_010,food,Boarding Bite,T2,Quick Bites,"Official CSMIA listing for Boarding Bite in Terminal 2. Category: Quick Bites. Location: Level 3 ,Post Security Hold Area - Gate 52.","Level 3 ,Post Security Hold Area - Gate 52",official,csmia_adani_airports,https://csmia-mumbai.adaniairports.com/en/shop-and-dine/dining
food_011,food,Budweiser Bar,T2,Bar & Restaurant,Official CSMIA listing for Budweiser Bar in Terminal 2. Category: Bar & Restaurant. Location: Arrival Hall.,Arrival Hall,official,csmia_adani_airports,https://csmia-mumbai.adaniairports.com/en/shop-and-dine/dining
food_012,food,Burger King,T2,QSR,"Official CSMIA listing for Burger King in Terminal 2. Category: QSR. Location: Level 3 ,Post Security Hold Area | Level 4 , Post Security Hold Area | P10,Level 4, Landside.","Level 3 ,Post Security Hold Area | Level 4 , Post Security Hold Area | P10,Level 4, Landside",official,csmia_adani_airports,https://csmia-mumbai.adaniairports.com/en/shop-and-dine/dining
food_013,food,Café Ritazza,T2,Bar & Restaurant,"Official CSMIA listing for Café Ritazza in Terminal 2. Category: Bar & Restaurant. Location: Level 3 ,Post Security Hold Area.","Level 3 ,Post Security Hold Area",official,csmia_adani_airports,https://csmia-mumbai.adaniairports.com/en/shop-and-dine/dining
food_014,food,Chaipoint,T2,QSR,"Official CSMIA listing for Chaipoint in Terminal 2. Category: QSR. Location: P6, Arrival Forecourt.","P6, Arrival Forecourt",official,csmia_adani_airports,https://csmia-mumbai.adaniairports.com/en/shop-and-dine/dining
food_015,food,Chef café,T2,Bar & Restaurant,"Official CSMIA listing for Chef café in Terminal 2. Category: Bar & Restaurant. Location: Level 4 , Post Security Hold Area.","Level 4 , Post Security Hold Area",official,csmia_adani_airports,https://csmia-mumbai.adaniairports.com/en/shop-and-dine/dining
food_016,food,Clink Bar,T2,Bar & Restaurant,"Official CSMIA listing for Clink Bar in Terminal 2. Category: Bar & Restaurant. Location: Level 4, Post Security Hold Area, Foodcourt.","Level 4, Post Security Hold Area, Foodcourt",official,csmia_adani_airports,https://csmia-mumbai.adaniairports.com/en/shop-and-dine/dining
food_017,food,Costa Coffee,T2,Coffee Shop,"Official CSMIA listing for Costa Coffee in Terminal 2. Category: Coffee Shop. Location: Level 4 , Post Security Hold Area | Level 3 ,Post Security Hold Area | Level 3, Post Security Hold Area, Foodcourt | P6, Arrival Forecourt | P10,Level 4, Landside | Level 3 ,Post Security Hold Area - Gate 86 | Level 3 ,Post Security Hold Area - Gate 52.","Level 4 , Post Security Hold Area | Level 3 ,Post Security Hold Area | Level 3, Post Security Hold Area, Foodcourt | P6, Arrival Forecourt | P10,Level 4, Landside | Level 3 ,Post Security Hold Area - Gate 86 | Level 3 ,Post Security Hold Area - Gate 52",official,csmia_adani_airports,https://csmia-mumbai.adaniairports.com/en/shop-and-dine/dining
food_018,food,Dosa Plaza,T2,QSR,"Official CSMIA listing for Dosa Plaza in Terminal 2. Category: QSR. Location: Level 3 ,Post Security Hold Area.","Level 3 ,Post Security Hold Area",official,csmia_adani_airports,https://csmia-mumbai.adaniairports.com/en/shop-and-dine/dining
food_019,food,Falafel Express,T2,QSR,"Official CSMIA listing for Falafel Express in Terminal 2. Category: QSR. Location: Level 3, Post Security Hold Area, Foodcourt.","Level 3, Post Security Hold Area, Foodcourt",official,csmia_adani_airports,https://csmia-mumbai.adaniairports.com/en/shop-and-dine/dining
food_020,food,Flurys,T2,QSR,"Official CSMIA listing for Flurys in Terminal 2. Category: QSR. Location: Level 3, Post Security Hold Area, Foodcourt | Level 3 ,Post Security Hold Area - Gate 41 | Level 3 ,Post Security Hold Area - Gate 46.","Level 3, Post Security Hold Area, Foodcourt | Level 3 ,Post Security Hold Area - Gate 41 | Level 3 ,Post Security Hold Area - Gate 46",official,csmia_adani_airports,https://csmia-mumbai.adaniairports.com/en/shop-and-dine/dining
food_021,food,Foody's,T2,QSR,"Official CSMIA listing for Foody's in Terminal 2. Category: QSR. Location: Level 3 ,Post Security Hold Area - Gate 41 | Level 3 ,Post Security Hold Area | Level 3 ,Post Security Hold Area - Gate 44 | Level 3 ,Post Security Hold Area - Gate 45 | Level 3 ,Post Security Hold Area - Gate 46 | Level 4 , Post Security Hold Area | P10,Level 4, Landside | P6, Arrival Forecourt.","Level 3 ,Post Security Hold Area - Gate 41 | Level 3 ,Post Security Hold Area | Level 3 ,Post Security Hold Area - Gate 44 | Level 3 ,Post Security Hold Area - Gate 45 | Level 3 ,Post Security Hold Area - Gate 46 | Level 4 , Post Security Hold Area | P10,Level 4, Landside | P6, Arrival Forecourt",official,csmia_adani_airports,https://csmia-mumbai.adaniairports.com/en/shop-and-dine/dining
food_022,food,Fresco,T2,QSR,"Official CSMIA listing for Fresco in Terminal 2. Category: QSR. Location: P10, Level 4, Check in Area.","P10, Level 4, Check in Area",official,csmia_adani_airports,https://csmia-mumbai.adaniairports.com/en/shop-and-dine/dining
food_023,food,Good Flippin' Burgers,T2,QSR,"Official CSMIA listing for Good Flippin' Burgers in Terminal 2. Category: QSR. Location: Level 4, Post Security Hold Area, Foodcourt.","Level 4, Post Security Hold Area, Foodcourt",official,csmia_adani_airports,https://csmia-mumbai.adaniairports.com/en/shop-and-dine/dining
food_024,food,Heineken Bar,T2,Bar & Restaurant,"Official CSMIA listing for Heineken Bar in Terminal 2. Category: Bar & Restaurant. Location: Level 3 ,Post Security Hold Area.","Level 3 ,Post Security Hold Area",official,csmia_adani_airports,https://csmia-mumbai.adaniairports.com/en/shop-and-dine/dining
food_025,food,Hoegaarden Bar,T2,Bar & Restaurant,"Official CSMIA listing for Hoegaarden Bar in Terminal 2. Category: Bar & Restaurant. Location: Level 4, Post Security Hold Area, Foodcourt.","Level 4, Post Security Hold Area, Foodcourt",official,csmia_adani_airports,https://csmia-mumbai.adaniairports.com/en/shop-and-dine/dining
food_026,food,Irish house,T2,Bar & Restaurant,"Official CSMIA listing for Irish house in Terminal 2. Category: Bar & Restaurant. Location: Level 3 ,Post Security Hold Area.","Level 3 ,Post Security Hold Area",official,csmia_adani_airports,https://csmia-mumbai.adaniairports.com/en/shop-and-dine/dining
food_027,food,Kailash Parbat,T2,QSR,"Official CSMIA listing for Kailash Parbat in Terminal 2. Category: QSR. Location: Level 3, Post Security Hold Area, Foodcourt.","Level 3, Post Security Hold Area, Foodcourt",official,csmia_adani_airports,https://csmia-mumbai.adaniairports.com/en/shop-and-dine/dining
food_028,food,MANIS CAFE,T2,Quick Bites,"Official CSMIA listing for MANIS CAFE in Terminal 2. Category: Quick Bites. Location: P4, Landside.","P4, Landside",official,csmia_adani_airports,https://csmia-mumbai.adaniairports.com/en/shop-and-dine/dining
food_029,food,Masala Twist,T2,QSR,"Official CSMIA listing for Masala Twist in Terminal 2. Category: QSR. Location: Level 3 ,Post Security Hold Area.","Level 3 ,Post Security Hold Area",official,csmia_adani_airports,https://csmia-mumbai.adaniairports.com/en/shop-and-dine/dining
food_030,food,Messo,T2,Bar & Restaurant,"Official CSMIA listing for Messo in Terminal 2. Category: Bar & Restaurant. Location: Level 3 ,Post Security Hold Area.","Level 3 ,Post Security Hold Area",official,csmia_adani_airports,https://csmia-mumbai.adaniairports.com/en/shop-and-dine/dining
food_031,food,Mint & Mirchi,T2,Quick Bites,"Official CSMIA listing for Mint & Mirchi in Terminal 2. Category: Quick Bites. Location: Level 3 ,Post Security Hold Area - Gate 42.","Level 3 ,Post Security Hold Area - Gate 42",official,csmia_adani_airports,https://csmia-mumbai.adaniairports.com/en/shop-and-dine/dining
food_032,food,Mitti Café,T2,Coffee Shop,"Official CSMIA listing for Mitti Café in Terminal 2. Category: Coffee Shop. Location: P6, Arrival Forecourt.","P6, Arrival Forecourt",official,csmia_adani_airports,https://csmia-mumbai.adaniairports.com/en/shop-and-dine/dining
food_033,food,Moti Mahal,T2,QSR,"Official CSMIA listing for Moti Mahal in Terminal 2. Category: QSR. Location: Level 3, Post Security Hold Area, Foodcourt.","Level 3, Post Security Hold Area, Foodcourt",official,csmia_adani_airports,https://csmia-mumbai.adaniairports.com/en/shop-and-dine/dining
food_034,food,Naashto,T2,QSR,"Official CSMIA listing for Naashto in Terminal 2. Category: QSR. Location: Level 4, Post Security Hold Area, Foodcourt | Arrival Hall | Level 3 ,Post Security Hold Area.","Level 4, Post Security Hold Area, Foodcourt | Arrival Hall | Level 3 ,Post Security Hold Area",official,csmia_adani_airports,https://csmia-mumbai.adaniairports.com/en/shop-and-dine/dining
food_035,food,New York Burrito Company,T2,QSR,"Official CSMIA listing for New York Burrito Company in Terminal 2. Category: QSR. Location: P10, Level 4, Check in Area | Level 4 , Post Security Hold Area | Level 3 ,Post Security Hold Area - Gate 42 | P6, Arrival Forecourt.","P10, Level 4, Check in Area | Level 4 , Post Security Hold Area | Level 3 ,Post Security Hold Area - Gate 42 | P6, Arrival Forecourt",official,csmia_adani_airports,https://csmia-mumbai.adaniairports.com/en/shop-and-dine/dining
food_036,food,Ottoman Eats,T2,QSR,"Official CSMIA listing for Ottoman Eats in Terminal 2. Category: QSR. Location: P10,Level 4, Landside.","P10,Level 4, Landside",official,csmia_adani_airports,https://csmia-mumbai.adaniairports.com/en/shop-and-dine/dining
food_037,food,Pizza Hut,T2,QSR,"Official CSMIA listing for Pizza Hut in Terminal 2. Category: QSR. Location: Level 3, Post Security Hold Area, Foodcourt | Level 4, Post Security Hold Area, Foodcourt.","Level 3, Post Security Hold Area, Foodcourt | Level 4, Post Security Hold Area, Foodcourt",official,csmia_adani_airports,https://csmia-mumbai.adaniairports.com/en/shop-and-dine/dining
food_038,food,Shiv Sagar,T2,QSR,Official CSMIA listing for Shiv Sagar in Terminal 2. Category: QSR. Location: Arrival Forecourt.,Arrival Forecourt,official,csmia_adani_airports,https://csmia-mumbai.adaniairports.com/en/shop-and-dine/dining
food_039,food,Squeeze Juice,T2,Quick Bites,"Official CSMIA listing for Squeeze Juice in Terminal 2. Category: Quick Bites. Location: Level 4, Post Security Hold Area, Foodcourt | Level 3, Post Security Hold Area, Foodcourt.","Level 4, Post Security Hold Area, Foodcourt | Level 3, Post Security Hold Area, Foodcourt",official,csmia_adani_airports,https://csmia-mumbai.adaniairports.com/en/shop-and-dine/dining
food_040,food,Street Foods by Punjab Grill,T2,QSR,"Official CSMIA listing for Street Foods by Punjab Grill in Terminal 2. Category: QSR. Location: P6, Arrival Forecourt | Level 3 ,Post Security Hold Area | Level 4, Post Security Hold Area, Foodcourt | P10, Level 4, Check in Area | Arrival Hall.","P6, Arrival Forecourt | Level 3 ,Post Security Hold Area | Level 4, Post Security Hold Area, Foodcourt | P10, Level 4, Check in Area | Arrival Hall",official,csmia_adani_airports,https://csmia-mumbai.adaniairports.com/en/shop-and-dine/dining
food_041,food,The Cram Bar,T2,QSR,"Official CSMIA listing for The Cram Bar in Terminal 2. Category: QSR. Location: Level 3 ,Post Security Hold Area - Gate 41 | Level 3 ,Post Security Hold Area - Gate 49.","Level 3 ,Post Security Hold Area - Gate 41 | Level 3 ,Post Security Hold Area - Gate 49",official,csmia_adani_airports,https://csmia-mumbai.adaniairports.com/en/shop-and-dine/dining
food_042,food,Third Wave Coffee,T2,Coffee Shop,"Official CSMIA listing for Third Wave Coffee in Terminal 2. Category: Coffee Shop. Location: Level 4 , Post Security Hold Area.","Level 4 , Post Security Hold Area",official,csmia_adani_airports,https://csmia-mumbai.adaniairports.com/en/shop-and-dine/dining
food_043,food,TIKG (The Indian Kebab Grill) Bar,T2,Bar & Restaurant,"Official CSMIA listing for TIKG (The Indian Kebab Grill) Bar in Terminal 2. Category: Bar & Restaurant. Location: Level 3, Post Security Hold Area, Foodcourt.","Level 3, Post Security Hold Area, Foodcourt",official,csmia_adani_airports,https://csmia-mumbai.adaniairports.com/en/shop-and-dine/dining
food_044,food,Vaango,T2,QSR,"Official CSMIA listing for Vaango in Terminal 2. Category: QSR. Location: Level 3, Post Security Hold Area, Foodcourt | Level 4 , Post Security Hold Area.","Level 3, Post Security Hold Area, Foodcourt | Level 4 , Post Security Hold Area",official,csmia_adani_airports,https://csmia-mumbai.adaniairports.com/en/shop-and-dine/dining
food_045,food,Wow Momo,T2,QSR,"Official CSMIA listing for Wow Momo in Terminal 2. Category: QSR. Location: P6, Arrival Forecourt.","P6, Arrival Forecourt",official,csmia_adani_airports,https://csmia-mumbai.adaniairports.com/en/shop-and-dine/dining
food_046,food,Wrapafella,T2,QSR,"Official CSMIA listing for Wrapafella in Terminal 2. Category: QSR. Location: Level 3, Post Security Hold Area, Foodcourt | Level 4, Post Security Hold Area, Foodcourt.","Level 3, Post Security Hold Area, Foodcourt | Level 4, Post Security Hold Area, Foodcourt",official,csmia_adani_airports,https://csmia-mumbai.adaniairports.com/en/shop-and-dine/dining
food_047,food,Zambar,T2,QSR,"Official CSMIA listing for Zambar in Terminal 2. Category: QSR. Location: Level 4, Post Security Hold Area, Foodcourt | Arrival Hall.","Level 4, Post Security Hold Area, Foodcourt | Arrival Hall",official,csmia_adani_airports,https://csmia-mumbai.adaniairports.com/en/shop-and-dine/dining
shop_001,shop,Amrapali,T2,Jewellary,"Official CSMIA listing for Amrapali in Terminal 2. Category: Jewellary. Location: Level 4 , Post Security Hold Area.","Level 4 , Post Security Hold Area",official,csmia_adani_airports,https://csmia-mumbai.adaniairports.com/en/shop-and-dine/shopping
shop_002,shop,Armani Exchange,T2,Apparel,"Official CSMIA listing for Armani Exchange in Terminal 2. Category: Apparel. Location: Level 3 , Post Secuirty Hold Area.","Level 3 , Post Secuirty Hold Area",official,csmia_adani_airports,https://csmia-mumbai.adaniairports.com/en/shop-and-dine/shopping
shop_003,shop,Balenzia,T2,Fashion Accessories,"Official CSMIA listing for Balenzia in Terminal 2. Category: Fashion Accessories. Location: Level 4 , Post Security Hold Area.","Level 4 , Post Security Hold Area",official,csmia_adani_airports,https://csmia-mumbai.adaniairports.com/en/shop-and-dine/shopping
shop_004,shop,BIBA,T2,Apparel,"Official CSMIA listing for BIBA in Terminal 2. Category: Apparel. Location: Level 3 , Post Secuirty Hold Area.","Level 3 , Post Secuirty Hold Area",official,csmia_adani_airports,https://csmia-mumbai.adaniairports.com/en/shop-and-dine/shopping
shop_005,shop,Bikaji,T2,Sweets / Packed Foods,"Official CSMIA listing for Bikaji in Terminal 2. Category: Sweets / Packed Foods. Location: Level 4 , Post Security Hold Area.","Level 4 , Post Security Hold Area",official,csmia_adani_airports,https://csmia-mumbai.adaniairports.com/en/shop-and-dine/shopping
shop_006,shop,Bookscetra (New Store),T2,CTN,"Official CSMIA listing for Bookscetra (New Store) in Terminal 2. Category: CTN. Location: Level 3 , Post Secuirty Hold Area.","Level 3 , Post Secuirty Hold Area",official,csmia_adani_airports,https://csmia-mumbai.adaniairports.com/en/shop-and-dine/shopping
shop_007,shop,Carlton,T2,Luggage and Bags,"Official CSMIA listing for Carlton in Terminal 2. Category: Luggage and Bags. Location: Level 3 , Post Secuirty Hold Area | Level 4 , Post Security Hold Area.","Level 3 , Post Secuirty Hold Area | Level 4 , Post Security Hold Area",official,csmia_adani_airports,https://csmia-mumbai.adaniairports.com/en/shop-and-dine/shopping
shop_008,shop,ColorBar,T2,Makeup and Cosmetics,"Official CSMIA listing for ColorBar in Terminal 2. Category: Makeup and Cosmetics. Location: Level 3 , Post Secuirty Hold Area.","Level 3 , Post Secuirty Hold Area",official,csmia_adani_airports,https://csmia-mumbai.adaniairports.com/en/shop-and-dine/shopping
shop_009,shop,Da Milano,T2,Handbag and Accessories,"Official CSMIA listing for Da Milano in Terminal 2. Category: Handbag and Accessories. Location: Level 3 , Post Secuirty Hold Area | Level 4 , Post Security Hold Area.","Level 3 , Post Secuirty Hold Area | Level 4 , Post Security Hold Area",official,csmia_adani_airports,https://csmia-mumbai.adaniairports.com/en/shop-and-dine/shopping
shop_010,shop,Fab India,T2,Apparel,"Official CSMIA listing for Fab India in Terminal 2. Category: Apparel. Location: Level 3 , Post Security Hold Area | Level 4 , Post Security Hold Area.","Level 3 , Post Security Hold Area | Level 4 , Post Security Hold Area",official,csmia_adani_airports,https://csmia-mumbai.adaniairports.com/en/shop-and-dine/shopping
shop_011,shop,Go Colors,T2,Apparel,"Official CSMIA listing for Go Colors in Terminal 2. Category: Apparel. Location: Level 3 , Post Secuirty Hold Area.","Level 3 , Post Secuirty Hold Area",official,csmia_adani_airports,https://csmia-mumbai.adaniairports.com/en/shop-and-dine/shopping
shop_012,shop,Gourmet Baklava,T2,Sweets / Packed Foods,"Official CSMIA listing for Gourmet Baklava in Terminal 2. Category: Sweets / Packed Foods. Location: Level 3 , Post Secuirty Hold Area.","Level 3 , Post Secuirty Hold Area",official,csmia_adani_airports,https://csmia-mumbai.adaniairports.com/en/shop-and-dine/shopping
shop_013,shop,Gute Reise,T2,Luggage and Bags,"Official CSMIA listing for Gute Reise in Terminal 2. Category: Luggage and Bags. Location: Level 3 , Post Secuirty Hold Area.","Level 3 , Post Secuirty Hold Area",official,csmia_adani_airports,https://csmia-mumbai.adaniairports.com/en/shop-and-dine/shopping
shop_014,shop,Haldirams,T2,Sweets / Packed Foods,"Official CSMIA listing for Haldirams in Terminal 2. Category: Sweets / Packed Foods. Location: Arrival Hall | Level 3 , Post Secuirty Hold Area | Level 4 , Post Security Hold Area.","Arrival Hall | Level 3 , Post Secuirty Hold Area | Level 4 , Post Security Hold Area",official,csmia_adani_airports,https://csmia-mumbai.adaniairports.com/en/shop-and-dine/shopping
shop_015,shop,Hush Puppies,T2,Footware,"Official CSMIA listing for Hush Puppies in Terminal 2. Category: Footware. Location: Level 3 , Post Secuirty Hold Area.","Level 3 , Post Secuirty Hold Area",official,csmia_adani_airports,https://csmia-mumbai.adaniairports.com/en/shop-and-dine/shopping
shop_016,shop,Isha Life,T2,Souvenirs / Gifting,"Official CSMIA listing for Isha Life in Terminal 2. Category: Souvenirs / Gifting. Location: Level 4 , Post Security Hold Area.","Level 4 , Post Security Hold Area",official,csmia_adani_airports,https://csmia-mumbai.adaniairports.com/en/shop-and-dine/shopping
shop_017,shop,Isharya,T2,Jewellary,"Official CSMIA listing for Isharya in Terminal 2. Category: Jewellary. Location: Level 4 , Post Security Hold Area.","Level 4 , Post Security Hold Area",official,csmia_adani_airports,https://csmia-mumbai.adaniairports.com/en/shop-and-dine/shopping
shop_018,shop,IT Luggage,T2,Luggage and Bags,Official CSMIA listing for IT Luggage in Terminal 2. Category: Luggage and Bags. Location: Check in Area.,Check in Area,official,csmia_adani_airports,https://csmia-mumbai.adaniairports.com/en/shop-and-dine/shopping
shop_019,shop,Kamaayurveda,T2,Health and Beauty,"Official CSMIA listing for Kamaayurveda in Terminal 2. Category: Health and Beauty. Location: Level 3 , Post Secuirty Hold Area.","Level 3 , Post Secuirty Hold Area",official,csmia_adani_airports,https://csmia-mumbai.adaniairports.com/en/shop-and-dine/shopping
shop_020,shop,Kompanero,T2,Handbag and Accessories,"Official CSMIA listing for Kompanero in Terminal 2. Category: Handbag and Accessories. Location: Level 3 , Post Security Hold Area.","Level 3 , Post Security Hold Area",official,csmia_adani_airports,https://csmia-mumbai.adaniairports.com/en/shop-and-dine/shopping
shop_021,shop,Krishna Pearls,T2,Jewellary,"Official CSMIA listing for Krishna Pearls in Terminal 2. Category: Jewellary. Location: Level 3 , Post Secuirty Hold Area | Level 4 , Post Security Hold Area.","Level 3 , Post Secuirty Hold Area | Level 4 , Post Security Hold Area",official,csmia_adani_airports,https://csmia-mumbai.adaniairports.com/en/shop-and-dine/shopping
shop_022,shop,Lacoste,T2,Apparel,"Official CSMIA listing for Lacoste in Terminal 2. Category: Apparel. Location: Level 3 , Post Secuirty Hold Area.","Level 3 , Post Secuirty Hold Area",official,csmia_adani_airports,https://csmia-mumbai.adaniairports.com/en/shop-and-dine/shopping
shop_023,shop,Lakme,T2,Makeup and Cosmetics,"Official CSMIA listing for Lakme in Terminal 2. Category: Makeup and Cosmetics. Location: Level 3 , Post Secuirty Hold Area.","Level 3 , Post Secuirty Hold Area",official,csmia_adani_airports,https://csmia-mumbai.adaniairports.com/en/shop-and-dine/shopping
shop_024,shop,Lal Sweets,T2,Sweets / Packed Foods,Official CSMIA listing for Lal Sweets in Terminal 2. Category: Sweets / Packed Foods. Location: Arrival Hall.,Arrival Hall,official,csmia_adani_airports,https://csmia-mumbai.adaniairports.com/en/shop-and-dine/shopping
shop_025,shop,Lenskart,T2,Sunglasses,"Official CSMIA listing for Lenskart in Terminal 2. Category: Sunglasses. Location: Level 3 , Post Secuirty Hold Area.","Level 3 , Post Secuirty Hold Area",official,csmia_adani_airports,https://csmia-mumbai.adaniairports.com/en/shop-and-dine/shopping
shop_026,shop,Marks and Spencers,T2,Apparel,"Official CSMIA listing for Marks and Spencers in Terminal 2. Category: Apparel. Location: Level 3 , Post Secuirty Hold Area.","Level 3 , Post Secuirty Hold Area",official,csmia_adani_airports,https://csmia-mumbai.adaniairports.com/en/shop-and-dine/shopping
shop_027,shop,Mufti,T2,Apparel,"Official CSMIA listing for Mufti in Terminal 2. Category: Apparel. Location: Level 4 , Post Security Hold Area.","Level 4 , Post Security Hold Area",official,csmia_adani_airports,https://csmia-mumbai.adaniairports.com/en/shop-and-dine/shopping
shop_028,shop,Nyaka,T2,Makeup and Cosmetics,"Official CSMIA listing for Nyaka in Terminal 2. Category: Makeup and Cosmetics. Location: Level 3 , Post Secuirty Hold Area.","Level 3 , Post Secuirty Hold Area",official,csmia_adani_airports,https://csmia-mumbai.adaniairports.com/en/shop-and-dine/shopping
shop_029,shop,Parcos Luxe,T2,Makeup and Cosmetics,"Official CSMIA listing for Parcos Luxe in Terminal 2. Category: Makeup and Cosmetics. Location: Level 3 , Post Secuirty Hold Area.","Level 3 , Post Secuirty Hold Area",official,csmia_adani_airports,https://csmia-mumbai.adaniairports.com/en/shop-and-dine/shopping
shop_030,shop,Perona,T2,Apparel,"Official CSMIA listing for Perona in Terminal 2. Category: Apparel. Location: Level 4 , Post Security Hold Area.","Level 4 , Post Security Hold Area",official,csmia_adani_airports,https://csmia-mumbai.adaniairports.com/en/shop-and-dine/shopping
shop_031,shop,Rare Planet,T2,Souvenirs / Gifting,"Official CSMIA listing for Rare Planet in Terminal 2. Category: Souvenirs / Gifting. Location: Level 4 , Post Security Hold Area.","Level 4 , Post Security Hold Area",official,csmia_adani_airports,https://csmia-mumbai.adaniairports.com/en/shop-and-dine/shopping
shop_032,shop,Reliance Digital,T2,Electronics,"Official CSMIA listing for Reliance Digital in Terminal 2. Category: Electronics. Location: Level 3 , Post Secuirty Hold Area.","Level 3 , Post Secuirty Hold Area",official,csmia_adani_airports,https://csmia-mumbai.adaniairports.com/en/shop-and-dine/shopping
shop_033,shop,Scentido,T2,Perfumes,"Official CSMIA listing for Scentido in Terminal 2. Category: Perfumes. Location: Level 3 , Post Secuirty Hold Area.","Level 3 , Post Secuirty Hold Area",official,csmia_adani_airports,https://csmia-mumbai.adaniairports.com/en/shop-and-dine/shopping
shop_034,shop,Shahenaz,T2,Home Decor / Gifting,"Official CSMIA listing for Shahenaz in Terminal 2. Category: Home Decor / Gifting. Location: Level 4 , Post Security Hold Area.","Level 4 , Post Security Hold Area",official,csmia_adani_airports,https://csmia-mumbai.adaniairports.com/en/shop-and-dine/shopping
shop_035,shop,Shahenaz Women,T2,Fashion Accessories,"Official CSMIA listing for Shahenaz Women in Terminal 2. Category: Fashion Accessories. Location: Level 4 , Post Security Hold Area.","Level 4 , Post Security Hold Area",official,csmia_adani_airports,https://csmia-mumbai.adaniairports.com/en/shop-and-dine/shopping
shop_036,shop,Shaze,T2,Home Decor / Gifting,"Official CSMIA listing for Shaze in Terminal 2. Category: Home Decor / Gifting. Location: Level 4 , Post Security Hold Area.","Level 4 , Post Security Hold Area",official,csmia_adani_airports,https://csmia-mumbai.adaniairports.com/en/shop-and-dine/shopping
shop_037,shop,Skechers,T2,Footware,"Official CSMIA listing for Skechers in Terminal 2. Category: Footware. Location: Level 3 , Post Secuirty Hold Area.","Level 3 , Post Secuirty Hold Area",official,csmia_adani_airports,https://csmia-mumbai.adaniairports.com/en/shop-and-dine/shopping
shop_038,shop,Steve Madden,T2,Footware,"Official CSMIA listing for Steve Madden in Terminal 2. Category: Footware. Location: Level 3 , Post Secuirty Hold Area.","Level 3 , Post Secuirty Hold Area",official,csmia_adani_airports,https://csmia-mumbai.adaniairports.com/en/shop-and-dine/shopping
shop_039,shop,Superdry,T2,Apparel,"Official CSMIA listing for Superdry in Terminal 2. Category: Apparel. Location: Level 3 , Post Secuirty Hold Area.","Level 3 , Post Secuirty Hold Area",official,csmia_adani_airports,https://csmia-mumbai.adaniairports.com/en/shop-and-dine/shopping
shop_040,shop,The Body Shop,T2,Health and Beauty,"Official CSMIA listing for The Body Shop in Terminal 2. Category: Health and Beauty. Location: Level 3 , Post Secuirty Hold Area.","Level 3 , Post Secuirty Hold Area",official,csmia_adani_airports,https://csmia-mumbai.adaniairports.com/en/shop-and-dine/shopping
shop_041,shop,The Bombay Shaving Company,T2,Men's Grooming,"Official CSMIA listing for The Bombay Shaving Company in Terminal 2. Category: Men's Grooming. Location: Level 3 , Post Secuirty Hold Area.","Level 3 , Post Secuirty Hold Area",official,csmia_adani_airports,https://csmia-mumbai.adaniairports.com/en/shop-and-dine/shopping
shop_042,shop,The Face Shop,T2,Makeup and Cosmetics,"Official CSMIA listing for The Face Shop in Terminal 2. Category: Makeup and Cosmetics. Location: Level 3 , Post Secuirty Hold Area.","Level 3 , Post Secuirty Hold Area",official,csmia_adani_airports,https://csmia-mumbai.adaniairports.com/en/shop-and-dine/shopping
shop_043,shop,Theobroma,T2,Confectionary,"Official CSMIA listing for Theobroma in Terminal 2. Category: Confectionary. Location: Level 3 , Post Secuirty Hold Area.","Level 3 , Post Secuirty Hold Area",official,csmia_adani_airports,https://csmia-mumbai.adaniairports.com/en/shop-and-dine/shopping
shop_044,shop,Tresmode,T2,Footware,"Official CSMIA listing for Tresmode in Terminal 2. Category: Footware. Location: Level 3 , Post Secuirty Hold Area.","Level 3 , Post Secuirty Hold Area",official,csmia_adani_airports,https://csmia-mumbai.adaniairports.com/en/shop-and-dine/shopping
shop_045,shop,Tribe,T2,Jewellary,"Official CSMIA listing for Tribe in Terminal 2. Category: Jewellary. Location: Level 3 , Post Secuirty Hold Area.","Level 3 , Post Secuirty Hold Area",official,csmia_adani_airports,https://csmia-mumbai.adaniairports.com/en/shop-and-dine/shopping
shop_046,shop,Tynimo,T2,LifeStyle,"Official CSMIA listing for Tynimo in Terminal 2. Category: LifeStyle. Location: Level 3 , Post Secuirty Hold Area | Level 4 , Post Secuirty Hold Area.","Level 3 , Post Secuirty Hold Area | Level 4 , Post Secuirty Hold Area",official,csmia_adani_airports,https://csmia-mumbai.adaniairports.com/en/shop-and-dine/shopping
service_001,service,Adani Lounge-Loyalty,T2,lounge,3 hours of Lounge Access prior to scheduled departure Self-Service Food & Beverage Buffet Business Centre Services Free Wi-Fi Premium selection of Alcohol (Chargeable) SPA Services (Chargeable),"CSMI Airport, Terminal-2, Domestic Departure, Level-3",official,csmia_adani_airports,https://csmia-mumbai.adaniairports.com/en/airport-services/lounges
service_002,service,Adani Lounge-Business Class L3( Airline),T2,lounge,3 hours of Lounge Access prior to scheduled departure Self-Service Food & Beverage Buffet Business Centre Services Free Wi-Fi Premium selection of Alcohol (Chargeable) SPA Services (Chargeable),"CSMI Airport, Terminal-2, Domestic Departure, Level-3",official,csmia_adani_airports,https://csmia-mumbai.adaniairports.com/en/airport-services/lounges
service_003,service,AMEX,T2,lounge,Hot and Cold à la carte Buffet menu with Jain menu options Complimentary Bar with cocktails and mocktails Free Wi-Fi Phone calls Printing,"Terminal 2 Domestic, Level 3, Near Gate 65, Opposite Burger King.",official,csmia_adani_airports,https://csmia-mumbai.adaniairports.com/en/airport-services/lounges
service_004,service,Aviserv Lounge West,T2,lounge,"Experience the luxury of travelling at airports with our plush lounges,business centers, one-of-its kind sleeping pods, buffets and other à la Carte services. Immerse yourself in a world of tranquil oasis at the airport like never before.","CSMI Airport, Terminal-2, Arrivals, Nr. Arrival Gate No A, Level-2 West Side",official,csmia_adani_airports,https://csmia-mumbai.adaniairports.com/en/airport-services/lounges
service_005,service,Aviserv Lounge East,T2,lounge,"Experience the luxury of travelling at airports with our plush lounges,business centers, one-of-its kind sleeping pods, buffets and other à la Carte services. Immerse yourself in a world of tranquil oasis at the airport like never before.","CSMI Airport, Terminal-2, Arrivals, Nr. Arrival Gate No C, Level-2 East Side",official,csmia_adani_airports,https://csmia-mumbai.adaniairports.com/en/airport-services/lounges
service_006,service,Adani Lounge Loyalty,T2,lounge,4 hours of Lounge Access prior to departure Self Service Food & Beverage Buffet Business Centre Services Free Wi-Fi Open Bar Services 15-minute Complimentary Foot Massage subject to availability,"CSMI Airport, Terminal-2, International Departure, Level-4",official,csmia_adani_airports,https://csmia-mumbai.adaniairports.com/en/airport-services/lounges
service_007,service,Adani Lounge Loyalty (1st Class & Premium business),T2,lounge,4 hours of Lounge Access prior to scheduled departure Self Service Food & Beverage Buffet Business Centre Services Free Wi-Fi Open Bar Services 15-minute Complimentary Foot Massage subject to availability,"CSMI Airport, Terminal-2, International Departure, Level-4",official,csmia_adani_airports,https://csmia-mumbai.adaniairports.com/en/airport-services/lounges
